{"Uptrend": {"n": 3712, "fwd5_win": 0.6850754310344828, "fwd10_win": 0.8302801724137931, "fwd20_win": 1.0, "fwd5_avg": 0.08185270520602819, "fwd10_avg": 0.1450184636393969, "fwd20_avg": 0.24375238175559238, "daily_mu": 0.012187619087779619, "daily_sig": 0.046053870923077014, "p5": 0.07774677852076858, "p50": 0.17702813724927688, "p95": 0.6468309815184651}, "Accumulation": {"n": 4479, "fwd5_win": 0.36793927215896405, "fwd10_win": 0.40299173922750614, "fwd20_win": 0.44005358338914935, "fwd5_avg": 0.008232931895639492, "fwd10_avg": 0.008138199783855724, "fwd20_avg": 0.006407810123195135, "daily_mu": 0.0003203905061597568, "daily_sig": 0.006566655233559769, "p5": -0.04185881885185356, "p50": 0.0, "p95": 0.06062462181643445}, "Downtrend": {"n": 1162, "fwd5_win": 0.21858864027538727, "fwd10_win": 0.16781411359724613, "fwd20_win": 0.0, "fwd5_avg": -0.02030561856129392, "fwd10_avg": -0.042103696863679874, "fwd20_avg": -0.08266726285623846, "daily_mu": -0.004133363142811923, "daily_sig": 0.0045560195702991834, "p5": -0.11332868530700324, "p50": -0.08196966247032908, "p95": -0.05240258634248221}, "Panic": {"n": 1200, "fwd5_win": 0.16333333333333333, "fwd10_win": 0.09333333333333334, "fwd20_win": 0.0, "fwd5_avg": -0.07049914735410062, "fwd10_avg": -0.1253986861351553, "fwd20_avg": -0.2177126839139515, "daily_mu": -0.010885634195697574, "daily_sig": 0.037950234815213466, "p5": -0.4416340812722094, "p50": -0.17535288747786132, "p95": -0.08957592826259567}}